[
    {
        "id":1,
        "body":"Sit minim deserunt enim enim nisi. Eiusmod incididunt dolore et ea anim. Non exercitation id voluptate et velit quis anim officia fugiat esse laborum nisi fugiat non.",
        "title":"Dolor velit sint tempor culpa cupidatat ipsum do ad tempor eiusmod.",
        "active":true,
        "type": "news",
        "author": "marcoss"
    },
    {
        "id":2,
        "body":"Sit minim deserunt enim enim nisi. Eiusmod incididunt dolore et ea anim. Non exercitation id voluptate et velit quis anim officia fugiat esse laborum nisi fugiat non.",
        "title":"Dolor velit sint tempor culpa cupidatat ipsum do ad tempor eiusmod.",
        "active":true,
        "type": "politics",
        "author": "Lusa"
    },
    {
        "id":3,
        "body":"Sit minim deserunt enim enim nisi. Eiusmod incididunt dolore et ea anim. Non exercitation id voluptate et velit quis anim officia fugiat esse laborum nisi fugiat non.",
        "title":"Dolor velit sint tempor culpa cupidatat ipsum do ad tempor eiusmod.",
        "active":true,
        "type": "news",
        "author": "ghosty"
    },
    {
        "id":4,
        "body":"Sit minim deserunt enim enim nisi. Eiusmod incididunt dolore et ea anim. Non exercitation id voluptate et velit quis anim officia fugiat esse laborum nisi fugiat non.",
        "title":"Dolor velit sint tempor culpa cupidatat ipsum do ad tempor eiusmod.",
        "active":false,
        "type": "politics",
        "author": "marKKo"
    },
    {
        "id":5,
        "body":"Sit minim deserunt enim enim nisi. Eiusmod incididunt dolore et ea anim. Non exercitation id voluptate et velit quis anim officia fugiat esse laborum nisi fugiat non.",
        "title":"Dolor velit sint tempor culpa cupidatat ipsum do ad tempor eiusmod.",
        "active":false,
        "type": "educational",
        "author": "randomlyWriting"
    }
]
